instrument,anomaly_type,count
X_25123_21800_CE,Gamma spike,488
X_25123_21800_CE,Mispricing,254
X_25123_21800_CE,IV spike,212
X_25123_21800_CE,Price jump,185
X_25123_21800_CE,Spread widening,90
X_25123_21800_PE,Price jump,395
X_25123_21800_PE,IV spike,339
X_25123_21800_PE,Mispricing,278
X_25123_21800_PE,Spread widening,176
X_25123_21800_PE,Gamma spike,133
X_25123_21850_CE,Gamma spike,508
X_25123_21850_CE,Mispricing,320
X_25123_21850_CE,Price jump,284
X_25123_21850_CE,IV spike,191
X_25123_21850_CE,Spread widening,165
X_25123_21850_PE,Price jump,745
X_25123_21850_PE,Mispricing,466
X_25123_21850_PE,Spread widening,383
X_25123_21850_PE,IV spike,319
X_25123_21850_PE,Gamma spike,138
X_25123_21900_CE,Gamma spike,545
X_25123_21900_CE,Price jump,258
X_25123_21900_CE,Mispricing,238
X_25123_21900_CE,IV spike,230
X_25123_21900_CE,Spread widening,139
X_25123_21900_PE,Price jump,429
X_25123_21900_PE,Mispricing,342
X_25123_21900_PE,IV spike,339
X_25123_21900_PE,Spread widening,216
X_25123_21900_PE,Gamma spike,137
X_25123_21950_CE,Gamma spike,570
X_25123_21950_CE,Mispricing,313
X_25123_21950_CE,Price jump,260
X_25123_21950_CE,IV spike,219
X_25123_21950_CE,Spread widening,146
X_25123_21950_PE,Price jump,610
X_25123_21950_PE,Mispricing,380
X_25123_21950_PE,Spread widening,318
X_25123_21950_PE,IV spike,310
X_25123_21950_PE,Gamma spike,155
X_25123_22000_CE,Gamma spike,788
X_25123_22000_CE,Price jump,625
X_25123_22000_CE,IV spike,339
X_25123_22000_CE,Spread widening,300
X_25123_22000_CE,Mispricing,260
X_25123_22000_PE,Price jump,976
X_25123_22000_PE,Spread widening,532
X_25123_22000_PE,Mispricing,486
X_25123_22000_PE,IV spike,277
X_25123_22000_PE,Gamma spike,141
X_25123_22050_CE,Gamma spike,791
X_25123_22050_CE,Price jump,531
X_25123_22050_CE,Spread widening,283
X_25123_22050_CE,Mispricing,269
X_25123_22050_CE,IV spike,238
X_25123_22050_PE,Price jump,853
X_25123_22050_PE,Spread widening,491
X_25123_22050_PE,Mispricing,411
X_25123_22050_PE,IV spike,302
X_25123_22050_PE,Gamma spike,160
X_25123_22100_CE,Gamma spike,599
X_25123_22100_CE,IV spike,273
X_25123_22100_CE,Mispricing,264
X_25123_22100_CE,Price jump,233
X_25123_22100_CE,Spread widening,110
X_25123_22100_PE,Price jump,867
X_25123_22100_PE,Spread widening,511
X_25123_22100_PE,Mispricing,421
X_25123_22100_PE,IV spike,317
X_25123_22100_PE,Gamma spike,142
X_25123_22150_CE,Gamma spike,635
X_25123_22150_CE,Price jump,401
X_25123_22150_CE,Mispricing,274
X_25123_22150_CE,IV spike,260
X_25123_22150_CE,Spread widening,194
X_25123_22150_PE,Price jump,875
X_25123_22150_PE,Mispricing,452
X_25123_22150_PE,Spread widening,437
X_25123_22150_PE,IV spike,276
X_25123_22150_PE,Gamma spike,162
X_25123_22200_CE,Gamma spike,660
X_25123_22200_CE,Mispricing,411
X_25123_22200_CE,IV spike,322
X_25123_22200_CE,Price jump,190
X_25123_22200_CE,Spread widening,90
X_25123_22200_PE,Price jump,972
X_25123_22200_PE,Spread widening,471
X_25123_22200_PE,Mispricing,435
X_25123_22200_PE,IV spike,284
X_25123_22200_PE,Gamma spike,139
X_25123_22250_CE,Gamma spike,537
X_25123_22250_CE,Mispricing,430
X_25123_22250_CE,Price jump,294
X_25123_22250_CE,IV spike,231
X_25123_22250_CE,Spread widening,181
X_25123_22250_PE,Price jump,962
X_25123_22250_PE,Spread widening,496
X_25123_22250_PE,Mispricing,435
X_25123_22250_PE,IV spike,262
X_25123_22250_PE,Gamma spike,141
X_25123_22300_CE,Gamma spike,562
X_25123_22300_CE,Mispricing,387
X_25123_22300_CE,IV spike,299
X_25123_22300_CE,Price jump,200
X_25123_22300_CE,Spread widening,108
X_25123_22300_PE,Price jump,1023
X_25123_22300_PE,Spread widening,518
X_25123_22300_PE,Mispricing,470
X_25123_22300_PE,IV spike,299
X_25123_22300_PE,Gamma spike,141
X_25123_22350_CE,Gamma spike,590
X_25123_22350_CE,Mispricing,537
X_25123_22350_CE,Price jump,492
X_25123_22350_CE,IV spike,296
X_25123_22350_CE,Spread widening,280
X_25123_22350_PE,Price jump,919
X_25123_22350_PE,Spread widening,476
X_25123_22350_PE,Mispricing,457
X_25123_22350_PE,IV spike,289
X_25123_22350_PE,Gamma spike,150
X_25123_22400_CE,Mispricing,483
X_25123_22400_CE,Gamma spike,382
X_25123_22400_CE,IV spike,216
X_25123_22400_CE,Price jump,140
X_25123_22400_CE,Spread widening,69
X_25123_22400_PE,Price jump,993
X_25123_22400_PE,Spread widening,521
X_25123_22400_PE,Mispricing,420
X_25123_22400_PE,IV spike,287
X_25123_22400_PE,Gamma spike,146
X_25123_22450_CE,Mispricing,675
X_25123_22450_CE,Price jump,370
X_25123_22450_CE,Gamma spike,278
X_25123_22450_CE,Spread widening,190
X_25123_22450_CE,IV spike,143
X_25123_22450_PE,Price jump,960
X_25123_22450_PE,Spread widening,567
X_25123_22450_PE,Mispricing,437
X_25123_22450_PE,IV spike,269
X_25123_22450_PE,Gamma spike,140
X_25123_22500_CE,Price jump,921
X_25123_22500_CE,Spread widening,467
X_25123_22500_CE,Mispricing,424
X_25123_22500_CE,Gamma spike,144
X_25123_22500_CE,IV spike,89
X_25123_22500_PE,Price jump,1083
X_25123_22500_PE,Spread widening,503
X_25123_22500_PE,Mispricing,416
X_25123_22500_PE,IV spike,235
X_25123_22500_PE,Gamma spike,150
X_25123_22550_CE,Price jump,931
X_25123_22550_CE,Mispricing,586
X_25123_22550_CE,Spread widening,529
X_25123_22550_CE,IV spike,148
X_25123_22550_CE,Gamma spike,136
X_25123_22550_PE,Price jump,927
X_25123_22550_PE,Spread widening,467
X_25123_22550_PE,Mispricing,393
X_25123_22550_PE,IV spike,250
X_25123_22550_PE,Gamma spike,154
X_25123_22600_CE,Mispricing,493
X_25123_22600_CE,Price jump,423
X_25123_22600_CE,Spread widening,247
X_25123_22600_CE,Gamma spike,162
X_25123_22600_CE,IV spike,155
X_25123_22600_PE,Price jump,996
X_25123_22600_PE,Spread widening,422
X_25123_22600_PE,Mispricing,371
X_25123_22600_PE,IV spike,281
X_25123_22600_PE,Gamma spike,154
X_25123_22650_CE,Price jump,1076
X_25123_22650_CE,Spread widening,516
X_25123_22650_CE,Mispricing,474
X_25123_22650_CE,Gamma spike,144
X_25123_22650_CE,IV spike,99
X_25123_22650_PE,Price jump,878
X_25123_22650_PE,Spread widening,479
X_25123_22650_PE,Mispricing,334
X_25123_22650_PE,IV spike,299
X_25123_22650_PE,Gamma spike,156
X_25123_22700_CE,Price jump,1064
X_25123_22700_CE,Spread widening,586
X_25123_22700_CE,Mispricing,329
X_25123_22700_CE,Gamma spike,149
X_25123_22700_CE,IV spike,125
X_25123_22700_PE,Price jump,998
X_25123_22700_PE,Spread widening,440
X_25123_22700_PE,Mispricing,319
X_25123_22700_PE,IV spike,265
X_25123_22700_PE,Gamma spike,151
X_25123_22750_CE,Price jump,1040
X_25123_22750_CE,Spread widening,590
X_25123_22750_CE,Mispricing,321
X_25123_22750_CE,IV spike,149
X_25123_22750_CE,Gamma spike,135
X_25123_22750_PE,Price jump,999
X_25123_22750_PE,Spread widening,455
X_25123_22750_PE,Mispricing,331
X_25123_22750_PE,IV spike,297
X_25123_22750_PE,Gamma spike,149
X_25123_22800_CE,Price jump,1013
X_25123_22800_CE,Spread widening,580
X_25123_22800_CE,Mispricing,304
X_25123_22800_CE,IV spike,159
X_25123_22800_CE,Gamma spike,116
X_25123_22800_PE,Price jump,1060
X_25123_22800_PE,Spread widening,475
X_25123_22800_PE,Mispricing,313
X_25123_22800_PE,IV spike,255
X_25123_22800_PE,Gamma spike,160
X_25123_22850_CE,Price jump,974
X_25123_22850_CE,Spread widening,486
X_25123_22850_CE,Mispricing,317
X_25123_22850_CE,IV spike,153
X_25123_22850_CE,Gamma spike,123
X_25123_22850_PE,Price jump,951
X_25123_22850_PE,Spread widening,518
X_25123_22850_PE,Mispricing,298
X_25123_22850_PE,IV spike,255
X_25123_22850_PE,Gamma spike,149
X_25123_22900_CE,Price jump,880
X_25123_22900_CE,Spread widening,501
X_25123_22900_CE,Mispricing,319
X_25123_22900_CE,IV spike,158
X_25123_22900_CE,Gamma spike,136
X_25123_22900_PE,Price jump,1053
X_25123_22900_PE,Spread widening,525
X_25123_22900_PE,Mispricing,285
X_25123_22900_PE,IV spike,276
X_25123_22900_PE,Gamma spike,152
X_25123_22950_CE,Price jump,871
X_25123_22950_CE,Spread widening,472
X_25123_22950_CE,Mispricing,298
X_25123_22950_CE,IV spike,167
X_25123_22950_CE,Gamma spike,165
X_25123_22950_PE,Price jump,898
X_25123_22950_PE,Spread widening,493
X_25123_22950_PE,IV spike,258
X_25123_22950_PE,Mispricing,226
X_25123_22950_PE,Gamma spike,161
X_25123_23000_CE,Price jump,991
X_25123_23000_CE,Spread widening,509
X_25123_23000_CE,Mispricing,311
X_25123_23000_CE,Gamma spike,159
X_25123_23000_CE,IV spike,151
X_25123_23000_PE,Price jump,1103
X_25123_23000_PE,Spread widening,586
X_25123_23000_PE,IV spike,255
X_25123_23000_PE,Mispricing,237
X_25123_23000_PE,Gamma spike,158
X_25123_23050_CE,Price jump,943
X_25123_23050_CE,Spread widening,532
X_25123_23050_CE,Mispricing,319
X_25123_23050_CE,Gamma spike,211
X_25123_23050_CE,IV spike,134
X_25123_23050_PE,Price jump,815
X_25123_23050_PE,Spread widening,414
X_25123_23050_PE,IV spike,333
X_25123_23050_PE,Mispricing,207
X_25123_23050_PE,Gamma spike,192
X_25123_23100_CE,Price jump,889
X_25123_23100_CE,Spread widening,462
X_25123_23100_CE,Mispricing,321
X_25123_23100_CE,Gamma spike,277
X_25123_23100_CE,IV spike,147
X_25123_23100_PE,Price jump,1019
X_25123_23100_PE,Spread widening,497
X_25123_23100_PE,IV spike,251
X_25123_23100_PE,Mispricing,212
X_25123_23100_PE,Gamma spike,157
X_25123_23150_CE,Price jump,932
X_25123_23150_CE,Spread widening,424
X_25123_23150_CE,Mispricing,335
X_25123_23150_CE,Gamma spike,243
X_25123_23150_CE,IV spike,130
X_25123_23150_PE,Price jump,934
X_25123_23150_PE,Spread widening,474
X_25123_23150_PE,IV spike,299
X_25123_23150_PE,Gamma spike,175
X_25123_23150_PE,Mispricing,166
X_25123_23200_CE,Price jump,997
X_25123_23200_CE,Spread widening,512
X_25123_23200_CE,Mispricing,296
X_25123_23200_CE,Gamma spike,240
X_25123_23200_CE,IV spike,134
X_25123_23200_PE,Price jump,1085
X_25123_23200_PE,Spread widening,535
X_25123_23200_PE,IV spike,225
X_25123_23200_PE,Mispricing,169
X_25123_23200_PE,Gamma spike,162
X_25123_23250_CE,Price jump,1042
X_25123_23250_CE,Spread widening,495
X_25123_23250_CE,Mispricing,305
X_25123_23250_CE,Gamma spike,300
X_25123_23250_CE,IV spike,113
X_25123_23250_PE,Price jump,921
X_25123_23250_PE,Spread widening,447
X_25123_23250_PE,IV spike,307
X_25123_23250_PE,Gamma spike,173
X_25123_23250_PE,Mispricing,150
X_25123_23300_CE,Price jump,993
X_25123_23300_CE,Spread widening,406
X_25123_23300_CE,Mispricing,317
X_25123_23300_CE,Gamma spike,244
X_25123_23300_CE,IV spike,126
X_25123_23300_PE,Price jump,988
X_25123_23300_PE,Spread widening,484
X_25123_23300_PE,IV spike,268
X_25123_23300_PE,Gamma spike,216
X_25123_23300_PE,Mispricing,153
X_25123_23350_CE,Price jump,947
X_25123_23350_CE,Spread widening,466
X_25123_23350_CE,Mispricing,309
X_25123_23350_CE,Gamma spike,295
X_25123_23350_CE,IV spike,148
X_25123_23350_PE,Price jump,1025
X_25123_23350_PE,Spread widening,530
X_25123_23350_PE,IV spike,299
X_25123_23350_PE,Mispricing,162
X_25123_23350_PE,Gamma spike,119
X_25123_23400_CE,Price jump,970
X_25123_23400_CE,Spread widening,496
X_25123_23400_CE,Mispricing,317
X_25123_23400_CE,Gamma spike,278
X_25123_23400_CE,IV spike,146
X_25123_23400_PE,Price jump,1042
X_25123_23400_PE,Spread widening,529
X_25123_23400_PE,IV spike,245
X_25123_23400_PE,Mispricing,167
X_25123_23400_PE,Gamma spike,131
X_25123_23450_CE,Price jump,946
X_25123_23450_CE,Spread widening,503
X_25123_23450_CE,Mispricing,304
X_25123_23450_CE,Gamma spike,281
X_25123_23450_CE,IV spike,142
X_25123_23450_PE,Price jump,957
X_25123_23450_PE,Spread widening,533
X_25123_23450_PE,IV spike,260
X_25123_23450_PE,Mispricing,167
X_25123_23450_PE,Gamma spike,152
X_25123_23500_CE,Price jump,1034
X_25123_23500_CE,Spread widening,415
X_25123_23500_CE,Gamma spike,327
X_25123_23500_CE,Mispricing,286
X_25123_23500_CE,IV spike,156
X_25123_23500_PE,Price jump,966
X_25123_23500_PE,Spread widening,471
X_25123_23500_PE,IV spike,262
X_25123_23500_PE,Mispricing,147
X_25123_23500_PE,Gamma spike,133
X_25123_23550_CE,Price jump,1053
X_25123_23550_CE,Spread widening,553
X_25123_23550_CE,Mispricing,326
X_25123_23550_CE,Gamma spike,275
X_25123_23550_CE,IV spike,115
X_25123_23550_PE,Price jump,1020
X_25123_23550_PE,Spread widening,517
X_25123_23550_PE,IV spike,285
X_25123_23550_PE,Gamma spike,175
X_25123_23550_PE,Mispricing,158
X_25123_23600_CE,Price jump,1029
X_25123_23600_CE,Spread widening,501
X_25123_23600_CE,Mispricing,342
X_25123_23600_CE,Gamma spike,265
X_25123_23600_CE,IV spike,106
X_25123_23600_PE,Price jump,1058
X_25123_23600_PE,Spread widening,552
X_25123_23600_PE,IV spike,246
X_25123_23600_PE,Gamma spike,176
X_25123_23600_PE,Mispricing,170
X_25123_23650_CE,Price jump,1022
X_25123_23650_CE,Spread widening,545
X_25123_23650_CE,Mispricing,338
X_25123_23650_CE,Gamma spike,287
X_25123_23650_CE,IV spike,153
X_25123_23650_PE,Price jump,973
X_25123_23650_PE,Spread widening,518
X_25123_23650_PE,IV spike,296
X_25123_23650_PE,Gamma spike,206
X_25123_23650_PE,Mispricing,152
X_25123_23700_CE,Price jump,993
X_25123_23700_CE,Spread widening,505
X_25123_23700_CE,Mispricing,329
X_25123_23700_CE,Gamma spike,311
X_25123_23700_CE,IV spike,111
X_25123_23700_PE,Price jump,920
X_25123_23700_PE,Spread widening,460
X_25123_23700_PE,IV spike,282
X_25123_23700_PE,Gamma spike,190
X_25123_23700_PE,Mispricing,142
X_25123_23750_CE,Price jump,962
X_25123_23750_CE,Spread widening,469
X_25123_23750_CE,Mispricing,361
X_25123_23750_CE,Gamma spike,299
X_25123_23750_CE,IV spike,124
X_25123_23750_PE,Price jump,964
X_25123_23750_PE,Spread widening,556
X_25123_23750_PE,IV spike,247
X_25123_23750_PE,Gamma spike,228
X_25123_23750_PE,Mispricing,190
X_25123_23800_CE,Price jump,1071
X_25123_23800_CE,Spread widening,594
X_25123_23800_CE,Mispricing,415
X_25123_23800_CE,Gamma spike,308
X_25123_23800_CE,IV spike,133
X_25123_23800_PE,Price jump,910
X_25123_23800_PE,Spread widening,537
X_25123_23800_PE,IV spike,275
X_25123_23800_PE,Gamma spike,270
X_25123_23800_PE,Mispricing,161
X_25123_23850_CE,Price jump,1074
X_25123_23850_CE,Spread widening,564
X_25123_23850_CE,Mispricing,382
X_25123_23850_CE,Gamma spike,303
X_25123_23850_CE,IV spike,140
X_25123_23850_PE,Price jump,915
X_25123_23850_PE,Spread widening,467
X_25123_23850_PE,IV spike,263
X_25123_23850_PE,Gamma spike,246
X_25123_23850_PE,Mispricing,210
X_25123_23900_CE,Price jump,950
X_25123_23900_CE,Spread widening,528
X_25123_23900_CE,Mispricing,365
X_25123_23900_CE,Gamma spike,309
X_25123_23900_CE,IV spike,161
X_25123_23900_PE,Price jump,750
X_25123_23900_PE,Spread widening,439
X_25123_23900_PE,IV spike,312
X_25123_23900_PE,Gamma spike,276
X_25123_23900_PE,Mispricing,207
X_25123_23950_CE,Price jump,983
X_25123_23950_CE,Spread widening,581
X_25123_23950_CE,Mispricing,352
X_25123_23950_CE,Gamma spike,300
X_25123_23950_CE,IV spike,132
X_25123_23950_PE,Price jump,928
X_25123_23950_PE,Spread widening,519
X_25123_23950_PE,Mispricing,299
X_25123_23950_PE,Gamma spike,280
X_25123_23950_PE,IV spike,264
X_25123_24000_CE,Price jump,1019
X_25123_24000_CE,Spread widening,545
X_25123_24000_CE,Mispricing,406
X_25123_24000_CE,Gamma spike,304
X_25123_24000_CE,IV spike,143
X_25123_24000_PE,Price jump,976
X_25123_24000_PE,Spread widening,541
X_25123_24000_PE,Gamma spike,293
X_25123_24000_PE,IV spike,239
X_25123_24000_PE,Mispricing,176
X_25123_24050_CE,Price jump,985
X_25123_24050_CE,Spread widening,578
X_25123_24050_CE,Mispricing,415
X_25123_24050_CE,Gamma spike,307
X_25123_24050_CE,IV spike,112
X_25123_24050_PE,Price jump,879
X_25123_24050_PE,Spread widening,471
X_25123_24050_PE,Mispricing,294
X_25123_24050_PE,Gamma spike,262
X_25123_24050_PE,IV spike,237
X_25123_24100_CE,Price jump,1039
X_25123_24100_CE,Spread widening,562
X_25123_24100_CE,Mispricing,395
X_25123_24100_CE,Gamma spike,319
X_25123_24100_CE,IV spike,139
X_25123_24100_PE,Price jump,1039
X_25123_24100_PE,Spread widening,551
X_25123_24100_PE,Gamma spike,292
X_25123_24100_PE,IV spike,249
X_25123_24100_PE,Mispricing,186
X_25123_24150_CE,Price jump,932
X_25123_24150_CE,Spread widening,547
X_25123_24150_CE,Mispricing,373
X_25123_24150_CE,Gamma spike,301
X_25123_24150_CE,IV spike,121
X_25123_24150_PE,Price jump,795
X_25123_24150_PE,Spread widening,404
X_25123_24150_PE,Mispricing,357
X_25123_24150_PE,Gamma spike,284
X_25123_24150_PE,IV spike,235
X_25123_24200_CE,Price jump,998
X_25123_24200_CE,Spread widening,498
X_25123_24200_CE,Mispricing,352
X_25123_24200_CE,Gamma spike,304
X_25123_24200_CE,IV spike,154
X_25123_24200_PE,Price jump,879
X_25123_24200_PE,Spread widening,485
X_25123_24200_PE,Mispricing,260
X_25123_24200_PE,Gamma spike,241
X_25123_24200_PE,IV spike,241
X_25123_24250_CE,Price jump,870
X_25123_24250_CE,Spread widening,484
X_25123_24250_CE,Mispricing,446
X_25123_24250_CE,Gamma spike,298
X_25123_24250_CE,IV spike,163
X_25123_24250_PE,Price jump,851
X_25123_24250_PE,Spread widening,472
X_25123_24250_PE,Mispricing,271
X_25123_24250_PE,Gamma spike,268
X_25123_24250_PE,IV spike,260
X_25123_24300_CE,Price jump,740
X_25123_24300_CE,Mispricing,414
X_25123_24300_CE,Spread widening,387
X_25123_24300_CE,Gamma spike,291
X_25123_24300_CE,IV spike,154
X_25123_24300_PE,Price jump,795
X_25123_24300_PE,Spread widening,440
X_25123_24300_PE,Mispricing,344
X_25123_24300_PE,IV spike,230
X_25123_24300_PE,Gamma spike,228
X_25123_24350_CE,Price jump,885
X_25123_24350_CE,Spread widening,470
X_25123_24350_CE,Mispricing,367
X_25123_24350_CE,Gamma spike,300
X_25123_24350_CE,IV spike,147
X_25123_24350_PE,Price jump,497
X_25123_24350_PE,Gamma spike,476
X_25123_24350_PE,IV spike,290
X_25123_24350_PE,Mispricing,275
X_25123_24350_PE,Spread widening,239
X_25123_24400_CE,Price jump,561
X_25123_24400_CE,Mispricing,394
X_25123_24400_CE,Gamma spike,292
X_25123_24400_CE,Spread widening,291
X_25123_24400_CE,IV spike,152
X_25123_24400_PE,Price jump,735
X_25123_24400_PE,Spread widening,389
X_25123_24400_PE,Mispricing,301
X_25123_24400_PE,Gamma spike,285
X_25123_24400_PE,IV spike,260
X_25123_24450_CE,Price jump,805
X_25123_24450_CE,Mispricing,429
X_25123_24450_CE,Spread widening,417
X_25123_24450_CE,Gamma spike,301
X_25123_24450_CE,IV spike,152
X_25123_24450_PE,Price jump,832
X_25123_24450_PE,Spread widening,423
X_25123_24450_PE,Gamma spike,326
X_25123_24450_PE,Mispricing,316
X_25123_24450_PE,IV spike,247
X_25123_24500_CE,Price jump,736
X_25123_24500_CE,Mispricing,410
X_25123_24500_CE,Spread widening,399
X_25123_24500_CE,Gamma spike,289
X_25123_24500_CE,IV spike,171
X_25123_24500_PE,Price jump,847
X_25123_24500_PE,Spread widening,422
X_25123_24500_PE,Gamma spike,287
X_25123_24500_PE,Mispricing,252
X_25123_24500_PE,IV spike,212
X_25123_24550_CE,Price jump,754
X_25123_24550_CE,Mispricing,445
X_25123_24550_CE,Spread widening,364
X_25123_24550_CE,Gamma spike,287
X_25123_24550_CE,IV spike,171
X_25123_24550_PE,Price jump,878
X_25123_24550_PE,Spread widening,433
X_25123_24550_PE,Gamma spike,332
X_25123_24550_PE,Mispricing,251
X_25123_24550_PE,IV spike,219
X_25123_24600_CE,Price jump,417
X_25123_24600_CE,Mispricing,357
X_25123_24600_CE,Gamma spike,295
X_25123_24600_CE,Spread widening,233
X_25123_24600_CE,IV spike,152
X_25123_24600_PE,Gamma spike,502
X_25123_24600_PE,IV spike,314
X_25123_24600_PE,Mispricing,284
X_25123_24600_PE,Price jump,281
X_25123_24600_PE,Spread widening,121
X_25123_24650_CE,Price jump,460
X_25123_24650_CE,Mispricing,406
X_25123_24650_CE,Gamma spike,287
X_25123_24650_CE,Spread widening,272
X_25123_24650_CE,IV spike,161
X_25123_24650_PE,Price jump,522
X_25123_24650_PE,Gamma spike,351
X_25123_24650_PE,Mispricing,304
X_25123_24650_PE,Spread widening,300
X_25123_24650_PE,IV spike,262
X_25123_24700_CE,Mispricing,376
X_25123_24700_CE,Price jump,354
X_25123_24700_CE,Gamma spike,285
X_25123_24700_CE,Spread widening,198
X_25123_24700_CE,IV spike,183
X_25123_24700_PE,Gamma spike,465
X_25123_24700_PE,IV spike,302
X_25123_24700_PE,Price jump,235
X_25123_24700_PE,Mispricing,217
X_25123_24700_PE,Spread widening,115
X_25123_24750_CE,Mispricing,345
X_25123_24750_CE,Price jump,330
X_25123_24750_CE,Gamma spike,296
X_25123_24750_CE,Spread widening,180
X_25123_24750_CE,IV spike,166
X_25123_24750_PE,Price jump,523
X_25123_24750_PE,Gamma spike,474
X_25123_24750_PE,Mispricing,414
X_25123_24750_PE,IV spike,292
X_25123_24750_PE,Spread widening,284
X_25123_24800_CE,Mispricing,356
X_25123_24800_CE,Price jump,345
X_25123_24800_CE,Gamma spike,285
X_25123_24800_CE,Spread widening,175
X_25123_24800_CE,IV spike,159
X_25123_24800_PE,Gamma spike,610
X_25123_24800_PE,IV spike,336
X_25123_24800_PE,Mispricing,290
X_25123_24800_PE,Price jump,261
X_25123_24800_PE,Spread widening,129
X_25123_24850_CE,Mispricing,353
X_25123_24850_CE,Gamma spike,289
X_25123_24850_CE,Price jump,179
X_25123_24850_CE,IV spike,163
X_25123_24850_CE,Spread widening,77
X_25123_24850_PE,Price jump,603
X_25123_24850_PE,Gamma spike,419
X_25123_24850_PE,Mispricing,367
X_25123_24850_PE,Spread widening,310
X_25123_24850_PE,IV spike,302
X_25123_24900_CE,Mispricing,364
X_25123_24900_CE,Gamma spike,287
X_25123_24900_CE,Price jump,241
X_25123_24900_CE,IV spike,167
X_25123_24900_CE,Spread widening,121
X_25123_24900_PE,Gamma spike,534
X_25123_24900_PE,Mispricing,325
X_25123_24900_PE,IV spike,295
X_25123_24900_PE,Price jump,180
X_25123_24900_PE,Spread widening,90
X_25123_24950_CE,Mispricing,345
X_25123_24950_CE,Gamma spike,275
X_25123_24950_CE,Price jump,187
X_25123_24950_CE,IV spike,168
X_25123_24950_CE,Spread widening,84
X_25123_24950_PE,Price jump,536
X_25123_24950_PE,Gamma spike,435
X_25123_24950_PE,Mispricing,346
X_25123_24950_PE,Spread widening,307
X_25123_24950_PE,IV spike,293
X_25123_25000_CE,Mispricing,372
X_25123_25000_CE,Gamma spike,296
X_25123_25000_CE,Price jump,234
X_25123_25000_CE,IV spike,164
X_25123_25000_CE,Spread widening,115
X_25123_25000_PE,Price jump,630
X_25123_25000_PE,Gamma spike,524
X_25123_25000_PE,Mispricing,394
X_25123_25000_PE,IV spike,383
X_25123_25000_PE,Spread widening,355
X_25123_25050_CE,Mispricing,381
X_25123_25050_CE,Price jump,320
X_25123_25050_CE,Gamma spike,299
X_25123_25050_CE,IV spike,188
X_25123_25050_CE,Spread widening,175
X_25123_25050_PE,Gamma spike,616
X_25123_25050_PE,Mispricing,469
X_25123_25050_PE,IV spike,370
X_25123_25050_PE,Price jump,298
X_25123_25050_PE,Spread widening,140
X_25123_25100_CE,Mispricing,372
X_25123_25100_CE,Gamma spike,295
X_25123_25100_CE,Price jump,247
X_25123_25100_CE,IV spike,198
X_25123_25100_CE,Spread widening,120
X_25123_25100_PE,Gamma spike,657
X_25123_25100_PE,Mispricing,439
X_25123_25100_PE,IV spike,365
X_25123_25100_PE,Price jump,230
X_25123_25100_PE,Spread widening,125
X_25123_25150_CE,Mispricing,405
X_25123_25150_CE,Price jump,319
X_25123_25150_CE,Gamma spike,298
X_25123_25150_CE,IV spike,197
X_25123_25150_CE,Spread widening,156
X_25123_25150_PE,Gamma spike,702
X_25123_25150_PE,IV spike,424
X_25123_25150_PE,Mispricing,387
X_25123_25150_PE,Price jump,294
X_25123_25150_PE,Spread widening,150
X_25123_25200_CE,Mispricing,402
X_25123_25200_CE,Gamma spike,298
X_25123_25200_CE,Price jump,285
X_25123_25200_CE,IV spike,200
X_25123_25200_CE,Spread widening,113
X_25123_25200_PE,Gamma spike,550
X_25123_25200_PE,IV spike,358
X_25123_25200_PE,Mispricing,335
X_25123_25200_PE,Price jump,150
X_25123_25200_PE,Spread widening,80
X_25123_25250_CE,Mispricing,290
X_25123_25250_CE,Gamma spike,241
X_25123_25250_CE,IV spike,164
X_25123_25250_CE,Price jump,110
X_25123_25250_CE,Spread widening,55
X_25123_25250_PE,Gamma spike,601
X_25123_25250_PE,IV spike,386
X_25123_25250_PE,Mispricing,326
X_25123_25250_PE,Price jump,205
X_25123_25250_PE,Spread widening,120
X_25123_25300_CE,Mispricing,341
X_25123_25300_CE,Gamma spike,264
X_25123_25300_CE,Price jump,191
X_25123_25300_CE,IV spike,190
X_25123_25300_CE,Spread widening,90
X_25123_25300_PE,Gamma spike,566
X_25123_25300_PE,IV spike,352
X_25123_25300_PE,Mispricing,341
X_25123_25300_PE,Price jump,205
X_25123_25300_PE,Spread widening,91
X_25123_25350_CE,Mispricing,249
X_25123_25350_CE,Gamma spike,205
X_25123_25350_CE,IV spike,168
X_25123_25350_CE,Price jump,137
X_25123_25350_CE,Spread widening,75
X_25123_25350_PE,Gamma spike,654
X_25123_25350_PE,IV spike,438
X_25123_25350_PE,Mispricing,391
X_25123_25350_PE,Price jump,230
X_25123_25350_PE,Spread widening,115
X_25123_25400_CE,Mispricing,346
X_25123_25400_CE,Gamma spike,313
X_25123_25400_CE,Price jump,306
X_25123_25400_CE,IV spike,197
X_25123_25400_CE,Spread widening,140
X_25123_25400_PE,Gamma spike,461
X_25123_25400_PE,IV spike,319
X_25123_25400_PE,Mispricing,291
X_25123_25400_PE,Price jump,99
X_25123_25400_PE,Spread widening,55
X_25123_25450_CE,Mispricing,322
X_25123_25450_CE,Gamma spike,265
X_25123_25450_CE,IV spike,190
X_25123_25450_CE,Price jump,115
X_25123_25450_CE,Spread widening,50
X_25123_25450_PE,Gamma spike,603
X_25123_25450_PE,Mispricing,433
X_25123_25450_PE,IV spike,414
X_25123_25450_PE,Price jump,205
X_25123_25450_PE,Spread widening,114
X_25123_25500_CE,Mispricing,430
X_25123_25500_CE,Price jump,350
X_25123_25500_CE,Gamma spike,284
X_25123_25500_CE,IV spike,215
X_25123_25500_CE,Spread widening,185
X_25123_25500_PE,Price jump,492
X_25123_25500_PE,Gamma spike,467
X_25123_25500_PE,Mispricing,346
X_25123_25500_PE,IV spike,341
X_25123_25500_PE,Spread widening,237
X_25123_25550_CE,Mispricing,395
X_25123_25550_CE,Price jump,285
X_25123_25550_CE,Gamma spike,281
X_25123_25550_CE,IV spike,206
X_25123_25550_CE,Spread widening,155
X_25123_25550_PE,Gamma spike,540
X_25123_25550_PE,Mispricing,419
X_25123_25550_PE,IV spike,367
X_25123_25550_PE,Price jump,205
X_25123_25550_PE,Spread widening,125
X_25123_25600_CE,Mispricing,385
X_25123_25600_CE,Gamma spike,297
X_25123_25600_CE,Price jump,260
X_25123_25600_CE,IV spike,201
X_25123_25600_CE,Spread widening,130
X_25123_25600_PE,Gamma spike,581
X_25123_25600_PE,IV spike,384
X_25123_25600_PE,Mispricing,382
X_25123_25600_PE,Price jump,180
X_25123_25600_PE,Spread widening,84
X_25123_25650_CE,Mispricing,408
X_25123_25650_CE,Price jump,352
X_25123_25650_CE,Gamma spike,295
X_25123_25650_CE,IV spike,232
X_25123_25650_CE,Spread widening,168
X_25123_25650_PE,Gamma spike,621
X_25123_25650_PE,Mispricing,415
X_25123_25650_PE,IV spike,386
X_25123_25650_PE,Price jump,262
X_25123_25650_PE,Spread widening,135
